<?xml version="6.0" encoding="UTF-8"?>
<?xml version="7.0" encoding="UTF-8"?>
<?xml version="8.0" encoding="UTF-8"?>
<?xml version="9.0" encoding="UTF-8"?>
<?xml version="1.0" encoding="UTF-8"?>
<?xml version="1.1" encoding="UTF-8"?>
<?xml version="1.2" encoding="UTF-8"?>
<root>
  <item name="BattleConfig" md5="8e0887257cf0c7416f188072d8612781" />
  <item name="DisOrderModeExtra" md5="e19cbbebaea7697360e361b96a253249" />
  <item name="Document" md5="db5ced44bd79d4ca0232614fc7890544" />
  <item name="EquipModeExtra" md5="97553a2cbc7498f0e139558b2e60f315" />
  <item name="GuideModeExtra" md5="77b4c95722a8f3d6e3c14f10b27813f6" />
  <item name="LoadRes_Preload" md5="fd4fb6b21bf10b9fec83a6a4eec1e21b" />
  <item name="SingleSurvivalModeExtra" md5="af3da4cd668aec4c49523b36809e0de6" />
  <version name="1.9.33.10117" />
</root>


ModYoutube: NCL
  ~",Script By NCL,"~
      #FULL MODED BY NCL~
           #TELEGRAM:-@NCL~
};
#PLEASE DON'T REMOVE NAME.
#DON'T TRY TO BECOME A FAKE DEVLOPER...
©ALL CONFIGS GO TO TELEGRAM 
; Copyright:-@NCL~